{
    "type": "ColumnChart",
    "displayed": false,
    "cssStyle": "height:600px;width: 100%",
    "data": {
        "cols": [
            {
                "id": "month",
                "label": "Month",
                "type": "string"
            },
            {
                "id": "laptop-id",
                "label": "Laptop",
                "type": "number"
            },
            {
                "id": "desktop-id",
                "label": "Desktop",
                "type": "number"
            },
            {
                "id": "server-id",
                "label": "Server",
                "type": "number"
            },
            {
                "id": "cost-id",
                "label": "Shipping",
                "type": "number"
            }
        ],
        "rows": [
            {
                "c": [
                    {
                        "v": "January"
                    },
                    {
                        "v": 19,
                        "f": "42items"
                    },
                    {
                        "v": 12,
                        "f": "Ony12items"
                    },
                    {
                        "v": 7,
                        "f": "7servers"
                    },
                    {
                        "v": 4
                    }
                ]
            },
            {
                "c": [
                    {
                        "v": "February"
                    },
                    {
                        "v": 13
                    },
                    {
                        "v": 1,
                        "f": "1unit(Outofstockthismonth)"
                    },
                    {
                        "v": 12
                    },
                    {
                        "v": 2
                    }
                ]
            },
            {
                "c": [
                    {
                        "v": "March"
                    },
                    {
                        "v": 24
                    },
                    {
                        "v": 5
                    },
                    {
                        "v": 11
                    },
                    {
                        "v": 6
                    }
                ]
            }
        ]
    },
    "options": {
        "title": "Salespermonth",
        "isStacked": "true",
        "fill": 20,
        "displayExactValues": true,
        "vAxis": {
            "title": "Salesunit",
            "gridlines": {
                "count": 10
            }
        },
        "hAxis": {
            "title": "Date"
        }
    }
}